{
  "episode_rewards": [
    238.3239999999995,
    153.72749999999982,
    -126.04831871382783,
    243.02672826494464,
    239.1274363598684,
    236.99948351982482,
    255.22999999999945,
    213.23099999999928,
    239.8644999999995,
    269.7574999999992,
    229.87249999999938,
    273.9884999999989,
    260.8159999999989,
    193.5668760597362,
    259.7849999999989,
    311.8429999999988,
    272.8309999999989,
    311.83553444673646,
    314.2094999999991,
    333.5679999999986,
    305.29149999999885,
    321.5524999999995,
    326.7504999999995,
    331.1239999999989,
    367.6595000000001,
    354.54800000000023,
    329.48199999999935,
    361.7939999999992,
    343.20450000000056,
    355.2974999999995,
    379.00000000000114,
    347.6855000000001,
    336.5145000000009,
    389.9035000000019,
    369.3325000000021,
    360.3260000000009,
    356.3885000000016,
    385.6170000000023,
    362.2085000000018,
    376.5340000000026,
    335.49100000000044,
    387.2240000000029,
    379.1035000000026,
    398.6155000000038,
    372.5555000000046,
    398.0225000000051,
    368.9004354433674,
    372.9689020084223,
    384.5970000000021,
    377.63850000000383
  ],
  "episode_lengths": [
    1000,
    1000,
    1000,
    1000,
    1000,
    1000,
    1000,
    1000,
    1000,
    1000,
    1000,
    1000,
    1000,
    1000,
    1000,
    1000,
    1000,
    1000,
    1000,
    1000,
    1000,
    1000,
    1000,
    1000,
    1000,
    1000,
    1000,
    1000,
    1000,
    1000,
    1000,
    1000,
    1000,
    1000,
    1000,
    1000,
    1000,
    1000,
    1000,
    1000,
    1000,
    1000,
    1000,
    1000,
    1000,
    1000,
    1000,
    1000,
    1000,
    1000
  ],
  "episode_health": [
    100.0,
    100.0,
    100.0,
    100.0,
    100.0,
    100.0,
    100.0,
    100.0,
    100.0,
    100.0,
    100.0,
    100.0,
    100.0,
    100.0,
    100.0,
    100.0,
    100.0,
    100.0,
    100.0,
    100.0,
    100.0,
    100.0,
    100.0,
    100.0,
    100.0,
    100.0,
    100.0,
    100.0,
    100.0,
    100.0,
    100.0,
    100.0,
    100.0,
    100.0,
    100.0,
    100.0,
    100.0,
    100.0,
    100.0,
    100.0,
    100.0,
    100.0,
    100.0,
    100.0,
    100.0,
    100.0,
    100.0,
    100.0,
    100.0,
    100.0
  ],
  "episode_hunger": [
    0.017260000000000005,
    0.023025000000000004,
    0.019700000000000002,
    0.017805000000000005,
    0.016125000000000004,
    0.01573,
    0.0165,
    0.016190000000000006,
    0.015455000000000002,
    0.013425000000000003,
    0.013875,
    0.014615000000000001,
    0.011240000000000002,
    0.01116,
    0.011750000000000002,
    0.01057,
    0.011290000000000003,
    0.010265,
    0.010305,
    0.01022,
    0.011085000000000001,
    0.010175,
    0.010495,
    0.01046,
    0.008705000000000003,
    0.00892,
    0.00948,
    0.00766,
    0.007455,
    0.007825,
    0.006600000000000001,
    0.007045000000000001,
    0.006455,
    0.0065650000000000005,
    0.006775000000000001,
    0.006640000000000001,
    0.0064150000000000006,
    0.006730000000000001,
    0.006715,
    0.00706,
    0.006690000000000001,
    0.006960000000000001,
    0.0075650000000000005,
    0.007245000000000001,
    0.007545,
    0.007075000000000001,
    0.007095000000000001,
    0.007330000000000001,
    0.00693,
    0.006615
  ],
  "episode_risk": [
    0.0,
    0.0,
    1.4295415935691327,
    0.0002638586752713894,
    0.009900318200658417,
    0.23113758240087792,
    0.0,
    0.0,
    0.0,
    0.0,
    0.0,
    0.0,
    0.0,
    0.570885619701318,
    0.0,
    0.0,
    0.0,
    0.003889827766311495,
    0.0,
    0.0,
    0.0,
    0.0,
    0.0,
    0.0,
    0.0,
    0.0,
    0.0,
    0.0,
    0.0,
    0.0,
    0.0,
    0.0,
    0.0,
    0.0,
    0.0,
    0.0,
    0.0,
    0.0,
    0.0,
    0.0,
    0.0,
    0.0,
    0.0,
    0.0,
    0.0,
    0.0,
    0.0038003227831734363,
    0.0030904899578971658,
    0.0,
    0.0
  ],
  "policy_losses": [
    -0.007350403000600636,
    -0.0023444191028829664,
    -0.0017471752653364092,
    -0.0031193477334454656,
    -0.002224853029474616,
    -0.00201989128254354,
    -0.0016194125637412071,
    -0.0018155177822336555,
    -0.0008165810722857714,
    -0.001834512921050191,
    0.0002975870156660676,
    -0.0011488538002595305,
    -0.0012095315614715219,
    -0.0019414523849263787,
    -0.00032696756534278393,
    -0.0011031492613255978
  ],
  "value_losses": [
    781.9373626708984,
    397.23118591308594,
    414.9309997558594,
    469.3327407836914,
    500.4968566894531,
    582.8214263916016,
    703.1318206787109,
    723.7049560546875,
    783.0406494140625,
    809.0238342285156,
    754.9099731445312,
    881.4949035644531,
    933.6873016357422,
    841.8383331298828,
    960.0624542236328,
    880.3404083251953
  ],
  "entropy_losses": [
    1.5077264606952667,
    1.5162936449050903,
    1.4977446794509888,
    1.4836981892585754,
    1.381889432668686,
    1.3281819224357605,
    1.2979717254638672,
    1.2454890012741089,
    1.1149879395961761,
    0.9769667088985443,
    0.8651490956544876,
    0.8244503885507584,
    0.854023203253746,
    0.8842770457267761,
    0.9223238229751587,
    0.8599559515714645
  ],
  "rolling_averages": {
    "reward": [
      238.3239999999995,
      153.72749999999982,
      -126.04831871382783,
      243.02672826494464,
      239.1274363598684,
      236.99948351982482,
      255.22999999999945,
      213.23099999999928,
      239.8644999999995,
      269.7574999999992,
      229.87249999999938,
      273.9884999999989,
      260.8159999999989,
      193.5668760597362,
      259.7849999999989,
      311.8429999999988,
      272.8309999999989,
      311.83553444673646,
      314.2094999999991,
      333.5679999999986,
      305.29149999999885,
      321.5524999999995,
      326.7504999999995,
      331.1239999999989,
      367.6595000000001,
      354.54800000000023,
      329.48199999999935,
      361.7939999999992,
      343.20450000000056,
      355.2974999999995,
      379.00000000000114,
      347.6855000000001,
      336.5145000000009,
      389.9035000000019,
      369.3325000000021,
      360.3260000000009,
      356.3885000000016,
      385.6170000000023,
      362.2085000000018,
      376.5340000000026,
      335.49100000000044,
      387.2240000000029,
      379.1035000000026,
      398.6155000000038,
      372.5555000000046,
      398.0225000000051,
      368.9004354433674,
      372.9689020084223,
      384.5970000000021,
      377.63850000000383
    ],
    "length": [
      1000,
      1000,
      1000,
      1000,
      1000,
      1000,
      1000,
      1000,
      1000,
      1000,
      1000,
      1000,
      1000,
      1000,
      1000,
      1000,
      1000,
      1000,
      1000,
      1000,
      1000,
      1000,
      1000,
      1000,
      1000,
      1000,
      1000,
      1000,
      1000,
      1000,
      1000,
      1000,
      1000,
      1000,
      1000,
      1000,
      1000,
      1000,
      1000,
      1000,
      1000,
      1000,
      1000,
      1000,
      1000,
      1000,
      1000,
      1000,
      1000,
      1000
    ],
    "health": [
      100.0,
      100.0,
      100.0,
      100.0,
      100.0,
      100.0,
      100.0,
      100.0,
      100.0,
      100.0,
      100.0,
      100.0,
      100.0,
      100.0,
      100.0,
      100.0,
      100.0,
      100.0,
      100.0,
      100.0,
      100.0,
      100.0,
      100.0,
      100.0,
      100.0,
      100.0,
      100.0,
      100.0,
      100.0,
      100.0,
      100.0,
      100.0,
      100.0,
      100.0,
      100.0,
      100.0,
      100.0,
      100.0,
      100.0,
      100.0,
      100.0,
      100.0,
      100.0,
      100.0,
      100.0,
      100.0,
      100.0,
      100.0,
      100.0,
      100.0
    ],