{
  "episode_rewards": [
    108.69887237697345,
    192.70350227674172,
    39.912667253951035,
    -324.10632759376375,
    186.53000000000034,
    -982.9943194141201,
    245.3200000000011,
    210.6800000000007,
    213.92000000000016,
    270.4200000000011,
    253.79885790526868,
    -451.98579668430716,
    -65393.043231347874,
    212.34337669735066,
    -65454.25630636534,
    294.46000000000134,
    278.1000000000012,
    -1477.510876896579,
    277.5765414777354,
    308.0600000000018,
    -1583.8018938601697,
    294.7279174516496,
    333.2400000000018,
    289.20533903990895,
    -1117.4904680502918,
    348.1856570513605,
    269.6522628090399,
    -1149.7502635790124,
    324.03077132489403,
    -3653.092576727632,
    -106449.69344694374,
    403.3454605414643,
    -2728.512887877291,
    418.4200000000036,
    367.0200000000026,
    423.1600000000037,
    381.3100000000025,
    -47000.75433099827,
    428.03000000000367,
    281.811281209982,
    -64216.48419422789,
    232.1852063606549,
    -979.942576087949,
    418.1168512914826,
    444.2600000000042,
    450.1100000000045,
    405.14870645306956,
    -41996.33660423619,
    449.2000000000044,
    452.1373225625621
  ],
  "episode_lengths": [
    1000,
    1000,
    1000,
    1000,
    1000,
    124,
    1000,
    1000,
    1000,
    1000,
    1000,
    1000,
    674,
    1000,
    1000,
    1000,
    1000,
    1000,
    1000,
    1000,
    1000,
    1000,
    1000,
    1000,
    129,
    1000,
    1000,
    80,
    1000,
    1000,
    1000,
    1000,
    1000,
    1000,
    1000,
    1000,
    1000,
    466,
    1000,
    1000,
    1000,
    1000,
    1000,
    1000,
    1000,
    1000,
    1000,
    1000,
    1000,
    1000
  ],
  "episode_health": [
    100.0,
    100.0,
    100.0,
    100.0,
    100.0,
    96.65322580645162,
    100.0,
    100.0,
    100.0,
    100.0,
    100.0,
    100.0,
    57.32640949554896,
    100.0,
    76.158,
    100.0,
    100.0,
    100.0,
    100.0,
    100.0,
    100.0,
    100.0,
    100.0,
    100.0,
    97.24806201550388,
    100.0,
    100.0,
    93.85,
    100.0,
    100.0,
    52.43,
    100.0,
    100.0,
    100.0,
    100.0,
    100.0,
    100.0,
    55.32188841201717,
    100.0,
    100.0,
    72.696,
    100.0,
    100.0,
    100.0,
    100.0,
    100.0,
    100.0,
    83.032,
    100.0,
    100.0
  ],
  "episode_hunger": [
    0.49500000000000005,
    0.4467000000000001,
    0.38630000000000003,
    0.5078000000000003,
    0.4102,
    1.0806451612903234,
    0.32620000000000005,
    0.38670000000000004,
    0.4011,
    0.2831,
    0.32780000000000004,
    0.3471,
    0.5670623145400594,
    0.26780000000000004,
    0.8252000000000005,
    0.22900000000000004,
    0.23220000000000002,
    0.23000000000000004,
    0.19620000000000004,
    0.19250000000000006,
    0.2953,
    0.19510000000000002,
    0.16740000000000002,
    0.18300000000000002,
    0.2178294573643411,
    0.14590000000000003,
    0.20570000000000005,
    0.18000000000000002,
    0.15320000000000006,
    0.15540000000000004,
    1.113200000000003,
    0.12920000000000004,
    0.14870000000000005,
    0.12500000000000003,
    0.14620000000000005,
    0.12380000000000002,
    0.13870000000000005,
    3.6939914163090046,
    0.12150000000000002,
    0.11920000000000001,
    1.1540000000000012,
    0.11570000000000001,
    0.12900000000000003,
    0.11310000000000002,
    0.11650000000000003,
    0.11210000000000002,
    0.11330000000000003,
    2.5814999999999926,
    0.11270000000000002,
    0.11210000000000002
  ],
  "episode_risk": [
    0.32925563811513076,
    0.003732488616293298,
    0.810886663730244,
    2.5402816379688193,
    0.0,
    6.417553202182264,
    0.0,
    0.0,
    0.0,
    0.0,
    0.007105710473660629,
    3.4738789834215402,
    58.359595188040586,
    0.2666831165132498,
    88.97087253182679,
    0.0,
    0.0,
    8.828754384482886,
    0.1599172926113321,
    0.0,
    9.009109469300837,
    0.0008104127417581529,
    0.0,
    0.07072330480046386,
    17.113913490321384,
    0.09642171474320754,
    0.07278868595480908,
    11.850653973688274,
    0.19454614337553927,
    20.102762883638164,
    56.36311123471812,
    0.00047269729269513165,
    15.48771443938646,
    0.0,
    0.0,
    0.0,
    0.0,
    56.197173079380676,
    0.0,
    0.7602435939501078,
    48.31571397113916,
    1.06527396819673,
    6.917112880439753,
    0.15641574354260768,
    0.0,
    0.0,
    0.21785646773467043,
    40.30112202118097,
    0.0,
    0.00016338718721068603
  ],
  "policy_losses": [
    -0.0032845540263224393,
    -0.006015304301399738,
    -0.0030188127129804343,
    -0.0025996830663643777,
    -0.001309933781158179,
    -0.004210186016280204,
    -0.0020074726780876517,
    -0.002368963265325874,
    -0.0016988004208542407,
    -0.002671176742296666,
    -0.0020230349618941545,
    -0.0003840980352833867,
    -0.001301864453125745,
    -0.0012847251491621137,
    -0.00015863182488828897,
    -0.0019877173472195864
  ],
  "value_losses": [
    432.27711486816406,
    75.9239273071289,
    361.04825592041016,
    7249.17724609375,
    5396.557373046875,
    20585.28125,
    33666.6337890625,
    767.7950134277344,
    13209.87890625,
    146.28742599487305,
    2608.0753173828125,
    1222.261962890625,
    27247777.5,
    27265547.0,
    2591.4738159179688,
    3829.7066650390625
  ],
  "entropy_losses": [
    1.5398496091365814,
    1.5131734013557434,
    1.429480791091919,
    1.3804046511650085,
    1.382114291191101,
    1.3583359718322754,
    1.3748480677604675,
    1.2165668308734894,
    1.1837904155254364,
    0.9801090657711029,
    0.9102804511785507,
    0.8312956541776657,
    0.8003558665513992,
    0.7242150455713272,
    0.5223667919635773,
    0.6306271851062775
  ],
  "rolling_averages": {
    "reward": [
      108.69887237697345,
      192.70350227674172,
      39.912667253951035,
      -324.10632759376375,
      186.53000000000034,
      -982.9943194141201,
      245.3200000000011,
      210.6800000000007,
      213.92000000000016,
      270.4200000000011,
      253.79885790526868,
      -451.98579668430716,
      -65393.043231347874,
      212.34337669735066,
      -65454.25630636534,
      294.46000000000134,
      278.1000000000012,
      -1477.510876896579,
      277.5765414777354,
      308.0600000000018,
      -1583.8018938601697,
      294.7279174516496,
      333.2400000000018,
      289.20533903990895,
      -1117.4904680502918,
      348.1856570513605,
      269.6522628090399,
      -1149.7502635790124,
      324.03077132489403,
      -3653.092576727632,
      -106449.69344694374,
      403.3454605414643,
      -2728.512887877291,
      418.4200000000036,
      367.0200000000026,
      423.1600000000037,
      381.3100000000025,
      -47000.75433099827,
      428.03000000000367,
      281.811281209982,
      -64216.48419422789,
      232.1852063606549,
      -979.942576087949,
      418.1168512914826,
      444.2600000000042,
      450.1100000000045,
      405.14870645306956,
      -41996.33660423619,
      449.2000000000044,
      452.1373225625621
    ],
    "length": [
      1000,
      1000,
      1000,
      1000,
      1000,
      124,
      1000,
      1000,
      1000,
      1000,
      1000,
      1000,
      674,
      1000,
      1000,
      1000,
      1000,
      1000,
      1000,
      1000,
      1000,
      1000,
      1000,
      1000,
      129,
      1000,
      1000,
      80,
      1000,
      1000,
      1000,
      1000,
      1000,
      1000,
      1000,
      1000,
      1000,
      466,
      1000,
      1000,
      1000,
      1000,
      1000,
      1000,
      1000,
      1000,
      1000,
      1000,
      1000,
      1000
    ],