{
  "episode_rewards": [
    -101596.66621524557,
    -104.7356008093869,
    274.6500000000015,
    268.406884023709,
    -2835.80154735524,
    267.2700000000015,
    -5938.7172088575535,
    309.69000000000153,
    300.9400000000016,
    -45.76895888185103,
    323.260000000002,
    320.4600000000013,
    350.0800000000021,
    -36167.31820981125,
    -1203.7416167863723,
    -9885.996349614345,
    -10032.541162708958,
    -15801.376267869136,
    -46446.191009237606,
    335.2790575555318,
    335.710000000002,
    -863.2031048431029,
    -32102.861097678477,
    -8515.925307829637,
    -19691.608208490605,
    77.51532770073527,
    284.86690664799306,
    -21984.69304585429,
    318.4700000000017,
    302.7925025189109,
    -93667.02780356853,
    -19642.640727236325,
    -3933.6419931752102,
    -1292.4405826665204,
    -23213.102414257588,
    232.35180175862246,
    -14108.475743712783,
    -32840.33065041938,
    -5032.493756002512,
    318.3500000000018,
    -1910.499022447098,
    308.2700000000016,
    -12547.92866544395,
    319.05247967957837,
    335.44181911380997,
    -384.1559652706157,
    333.29212674648585,
    336.03000000000145,
    14.490538006605284,
    338.6500000000014
  ],
  "episode_lengths": [
    1000,
    1000,
    1000,
    1000,
    1000,
    1000,
    270,
    1000,
    1000,
    1000,
    1000,
    1000,
    1000,
    1000,
    1000,
    1000,
    1000,
    1000,
    1000,
    1000,
    1000,
    223,
    1000,
    254,
    140,
    1000,
    1000,
    817,
    1000,
    1000,
    595,
    1000,
    1000,
    1000,
    531,
    1000,
    1000,
    1000,
    1000,
    1000,
    1000,
    1000,
    1000,
    1000,
    1000,
    1000,
    1000,
    1000,
    1000,
    1000
  ],
  "episode_health": [
    54.925,
    100.0,
    100.0,
    100.0,
    100.0,
    100.0,
    91.6962962962963,
    100.0,
    100.0,
    100.0,
    100.0,
    100.0,
    100.0,
    83.737,
    100.0,
    96.31,
    100.0,
    94.16,
    81.62,
    100.0,
    100.0,
    98.1390134529148,
    87.791,
    85.41338582677166,
    36.92857142857143,
    100.0,
    100.0,
    88.2937576499388,
    100.0,
    100.0,
    30.430252100840335,
    94.05,
    100.0,
    100.0,
    82.63088512241055,
    100.0,
    100.0,
    92.091,
    100.0,
    100.0,
    100.0,
    100.0,
    100.0,
    100.0,
    100.0,
    100.0,
    100.0,
    100.0,
    100.0,
    100.0
  ],
  "episode_hunger": [
    0.5249000000000001,
    0.2528,
    0.24520000000000003,
    0.22760000000000002,
    0.22740000000000005,
    0.26450000000000007,
    0.29703703703703704,
    0.20620000000000005,
    0.21650000000000003,
    0.21520000000000006,
    0.19230000000000003,
    0.18520000000000006,
    0.16150000000000006,
    0.20000000000000004,
    0.16360000000000002,
    0.16270000000000004,
    0.1985,
    0.18980000000000005,
    0.23480000000000004,
    0.17190000000000003,
    0.17500000000000004,
    0.16188340807174892,
    0.24960000000000002,
    0.5291338582677168,
    3.0442857142857105,
    0.18230000000000002,
    0.20590000000000003,
    0.5504283965728276,
    0.18950000000000006,
    0.20960000000000004,
    14.73815126050426,
    0.4635000000000002,
    0.22770000000000004,
    0.2167,
    1.085310734463277,
    0.21600000000000005,
    1.9795999999999985,
    0.8650000000000004,
    0.3083,
    0.22430000000000003,
    0.21500000000000005,
    0.23030000000000003,
    4.899099999999949,
    0.23130000000000003,
    0.20210000000000006,
    0.20910000000000004,
    0.21420000000000006,
    0.21300000000000005,
    0.21390000000000003,
    0.20520000000000005
  ],
  "episode_risk": [
    57.50950857622794,
    1.8543780040469375,
    0.0,
    0.061515579881462674,
    15.573907736776013,
    0.0,
    28.137822386251006,
    0.0,
    0.0,
    1.703994794409254,
    0.0,
    0.0,
    0.0,
    19.459341549055935,
    7.7739080839318415,
    14.212561748071613,
    51.72350581354479,
    22.16295083934572,
    49.592916546188064,
    0.005354712222350051,
    0.0,
    2.423544951639077,
    39.62187648839244,
    22.805141886410173,
    71.10786458895028,
    1.2404233614963254,
    0.12376546676004335,
    18.584415825301686,
    0.0,
    0.0061374874054527665,
    83.81270087032335,
    39.74646363618177,
    21.152809965876063,
    7.9730529133325945,
    45.34150013425207,
    0.4302909912068917,
    70.54387871856383,
    85.50494875209682,
    26.485118780012378,
    0.0,
    11.140895112235409,
    0.0,
    61.439393327219726,
    0.0024876016021159746,
    0.013390904430957846,
    3.557679826353079,
    0.003039366267577898,
    0.0,
    1.5972973099669734,
    0.0
  ],
  "policy_losses": [
    -0.008444189094007015,
    -0.0008516129455529153,
    -0.0052416737889871,
    -0.0018374695209786296,
    -0.003085239906795323,
    -0.0008745969098526984,
    -0.002862128400010988,
    -0.0029763372149318457,
    -0.0022425168426707387,
    -0.0015187604003585875,
    -0.0011352497967891395,
    -0.0013551055453717709,
    -0.0004310784279368818,
    -0.0011291971895843744,
    -0.0006484118057414889,
    -2.8981128707528114e-05
  ],
  "value_losses": [
    320364.890625,
    88438.759765625,
    55039.6240234375,
    891.3281555175781,
    8757144.0,
    802.0675354003906,
    137091.81640625,
    16916972.5,
    7775255.875,
    23954.0234375,
    1403.9324645996094,
    1086.8998413085938,
    36593.224609375,
    1007841.734375,
    1855.5333862304688,
    645.3082885742188
  ],
  "entropy_losses": [
    1.434651255607605,
    1.356614202260971,
    1.3097988665103912,
    1.2319566309452057,
    1.1947673857212067,
    1.1332732141017914,
    1.1755537390708923,
    1.2097204327583313,
    1.228073626756668,
    1.1186420321464539,
    1.1943301558494568,
    0.9780090600252151,
    1.1743978559970856,
    1.122533768415451,
    1.129138469696045,
    1.0841991901397705
  ],
  "rolling_averages": {
    "reward": [
      -101596.66621524557,
      -104.7356008093869,
      274.6500000000015,
      268.406884023709,
      -2835.80154735524,
      267.2700000000015,
      -5938.7172088575535,
      309.69000000000153,
      300.9400000000016,
      -45.76895888185103,
      323.260000000002,
      320.4600000000013,
      350.0800000000021,
      -36167.31820981125,
      -1203.7416167863723,
      -9885.996349614345,
      -10032.541162708958,
      -15801.376267869136,
      -46446.191009237606,
      335.2790575555318,
      335.710000000002,
      -863.2031048431029,
      -32102.861097678477,
      -8515.925307829637,
      -19691.608208490605,
      77.51532770073527,
      284.86690664799306,
      -21984.69304585429,
      318.4700000000017,
      302.7925025189109,
      -93667.02780356853,
      -19642.640727236325,
      -3933.6419931752102,
      -1292.4405826665204,
      -23213.102414257588,
      232.35180175862246,
      -14108.475743712783,
      -32840.33065041938,
      -5032.493756002512,
      318.3500000000018,
      -1910.499022447098,
      308.2700000000016,
      -12547.92866544395,
      319.05247967957837,
      335.44181911380997,
      -384.1559652706157,
      333.29212674648585,
      336.03000000000145,
      14.490538006605284,
      338.6500000000014
    ],
    "length": [
      1000,
      1000,
      1000,
      1000,
      1000,
      1000,
      270,
      1000,
      1000,
      1000,
      1000,
      1000,
      1000,
      1000,
      1000,
      1000,
      1000,
      1000,
      1000,
      1000,
      1000,
      223,
      1000,
      254,
      140,
      1000,
      1000,
      817,
      1000,
      1000,
      595,
      1000,
      1000,
      1000,
      531,
      1000,
      1000,
      1000,
      1000,
      1000,
      1000,
      1000,
      1000,
      1000,
      1000,
      1000,
      1000,
      1000,
      1000,
      1000
    ],