{
  "episode_rewards": [
    -9888.245029318163,
    -79.58999999999986,
    -591.1899999999979,
    -2145.4825180989187,
    -668.627745081776,
    19.664185325818853,
    -1724.5604366230102,
    -386.90083526123414,
    -875.1599999999929,
    -1125.8199999999897,
    -7260.142103733071,
    -1495.7700000000143,
    -3354.085114417266,
    -1731.8857532973398,
    -2015.0002982630133,
    -2641.290000000044,
    -2221.5900000000265,
    -1930.7373629348037,
    -2964.560000000031,
    -2931.6300000000315,
    -2515.670000000032,
    -2542.0900000000242,
    -3010.8700000000376,
    -3521.3300000000277,
    -70366.03680161176,
    -3265.780000000031,
    -3083.2060062555747,
    -2732.8200000000347,
    -2352.4100000000294,
    -2962.1600000000285,
    -2363.6900000000246,
    -7886.003390873479,
    -2205.689482735214,
    -1803.8500000000251,
    -2149.390000000028,
    -2207.4200000000237,
    -2325.4800000000287,
    -2705.215580395153,
    -2313.9700000000325,
    -2897.5300000000334,
    -2320.895030363602,
    -2002.9502928252148,
    -2230.711180136864,
    -2490.7100000000337,
    -5306.615523796069,
    -2725.5400956741432,
    -1836.9200000000176,
    -1863.1884979458532,
    -1836.660000000024,
    -2655.8344593147276
  ],
  "episode_lengths": [
    220,
    1000,
    1000,
    1000,
    1000,
    1000,
    91,
    1000,
    1000,
    1000,
    1000,
    1000,
    1000,
    1000,
    1000,
    1000,
    1000,
    1000,
    1000,
    1000,
    1000,
    1000,
    1000,
    1000,
    1000,
    1000,
    1000,
    1000,
    1000,
    1000,
    1000,
    1000,
    1000,
    1000,
    1000,
    1000,
    1000,
    1000,
    1000,
    1000,
    1000,
    1000,
    1000,
    1000,
    1000,
    34,
    1000,
    1000,
    1000,
    1000
  ],
  "episode_health": [
    81.90454545454546,
    100.0,
    100.0,
    100.0,
    100.0,
    100.0,
    91.78021978021978,
    100.0,
    100.0,
    100.0,
    100.0,
    100.0,
    100.0,
    100.0,
    100.0,
    100.0,
    100.0,
    100.0,
    100.0,
    100.0,
    100.0,
    100.0,
    100.0,
    100.0,
    70.811,
    100.0,
    100.0,
    100.0,
    100.0,
    100.0,
    100.0,
    99.844,
    100.0,
    100.0,
    100.0,
    100.0,
    100.0,
    100.0,
    100.0,
    100.0,
    100.0,
    100.0,
    100.0,
    100.0,
    100.0,
    64.94117647058823,
    100.0,
    100.0,
    100.0,
    100.0
  ],
  "episode_hunger": [
    1.0827272727272734,
    2.333399999999998,
    7.45649999999998,
    6.533399999999944,
    3.441699999999975,
    1.3865000000000016,
    0.4802197802197802,
    5.320299999999985,
    10.249199999999941,
    12.777899999999896,
    6.039799999999948,
    16.45480000000015,
    24.998000000000193,
    11.91960000000002,
    19.338000000000154,
    27.996000000000407,
    23.761000000000234,
    20.844500000000195,
    31.03300000000032,
    30.710500000000277,
    26.58290000000032,
    26.633000000000226,
    31.21390000000036,
    36.386000000000266,
    19.941800000000235,
    33.921500000000336,
    31.94900000000028,
    28.52400000000037,
    24.71150000000031,
    30.84790000000029,
    24.80010000000026,
    22.273300000000184,
    23.237900000000227,
    19.245500000000252,
    22.676100000000297,
    23.24190000000022,
    24.29610000000029,
    22.221000000000142,
    24.21690000000029,
    29.99190000000032,
    23.94200000000023,
    20.874100000000233,
    21.971100000000195,
    26.02440000000033,
    7.886799999999928,
    0.49411764705882366,
    19.581000000000195,
    19.776600000000144,
    19.527100000000214,
    27.906500000000396
  ],
  "episode_risk": [
    43.87685521177641,
    0.0,
    0.0,
    8.199762590494615,
    2.40403872540889,
    0.01877907337090471,
    13.06545256170386,
    0.005954176306178291,
    0.0,
    0.0,
    34.069010518665344,
    0.0,
    5.064075572086224,
    3.494178766486664,
    1.188801491314997,
    0.0,
    0.0,
    0.003186814673915581,
    0.0,
    0.0,
    0.0,
    0.0,
    0.0,
    0.0,
    50.30612750805904,
    0.0,
    0.05143003127772504,
    0.0,
    0.0,
    0.0,
    0.0,
    27.35875095436732,
    0.0001974136759535074,
    0.0,
    0.0,
    0.0,
    0.0,
    2.9323279019756745,
    0.0,
    0.0,
    0.15417515181787664,
    0.11310146412596998,
    0.7265559006842314,
    0.0,
    23.188977618980378,
    50.355381716785736,
    0.0,
    0.0015924897291935418,
    0.0,
    0.001222296573449373
  ],
  "policy_losses": [
    -0.006640239502303302,
    -0.002104894840158522,
    -0.0011721542687155306,
    -0.001635834196349606,
    -0.0011747070238925517,
    -0.0037566320970654488,
    -0.0030385864665731788,
    -0.0003202403604518622,
    -0.0022388052893802524,
    -3.588444087654352e-05,
    -0.000987761071883142,
    -0.0020728000381495804,
    -0.000485808530356735,
    -0.0014014247572049499,
    -0.000721109303412959,
    -0.001984872855246067
  ],
  "value_losses": [
    140962.02734375,
    3094.7034301757812,
    40785.4150390625,
    251790.1015625,
    31608.658203125,
    48634.087890625,
    84528.498046875,
    119879.294921875,
    183677.04296875,
    80191.490234375,
    287510.59375,
    50864.880859375,
    59154.466796875,
    48067.21484375,
    9334.782958984375,
    35143.759765625
  ],
  "entropy_losses": [
    1.439328908920288,
    1.4157591760158539,
    1.393770545721054,
    1.4060083031654358,
    1.3667266368865967,
    1.2939334213733673,
    1.2076892256736755,
    1.1479997336864471,
    1.17622572183609,
    1.2013854682445526,
    1.1973074078559875,
    1.146631121635437,
    1.1030033826828003,
    1.0792877078056335,
    1.092313528060913,
    1.1396726667881012
  ],
  "rolling_averages": {
    "reward": [
      -9888.245029318163,
      -79.58999999999986,
      -591.1899999999979,
      -2145.4825180989187,
      -668.627745081776,
      19.664185325818853,
      -1724.5604366230102,
      -386.90083526123414,
      -875.1599999999929,
      -1125.8199999999897,
      -7260.142103733071,
      -1495.7700000000143,
      -3354.085114417266,
      -1731.8857532973398,
      -2015.0002982630133,
      -2641.290000000044,
      -2221.5900000000265,
      -1930.7373629348037,
      -2964.560000000031,
      -2931.6300000000315,
      -2515.670000000032,
      -2542.0900000000242,
      -3010.8700000000376,
      -3521.3300000000277,
      -70366.03680161176,
      -3265.780000000031,
      -3083.2060062555747,
      -2732.8200000000347,
      -2352.4100000000294,
      -2962.1600000000285,
      -2363.6900000000246,
      -7886.003390873479,
      -2205.689482735214,
      -1803.8500000000251,
      -2149.390000000028,
      -2207.4200000000237,
      -2325.4800000000287,
      -2705.215580395153,
      -2313.9700000000325,
      -2897.5300000000334,
      -2320.895030363602,
      -2002.9502928252148,
      -2230.711180136864,
      -2490.7100000000337,
      -5306.615523796069,
      -2725.5400956741432,
      -1836.9200000000176,
      -1863.1884979458532,
      -1836.660000000024,
      -2655.8344593147276
    ],
    "length": [
      220,
      1000,
      1000,
      1000,
      1000,
      1000,
      91,
      1000,
      1000,
      1000,
      1000,
      1000,
      1000,
      1000,
      1000,
      1000,
      1000,
      1000,
      1000,
      1000,
      1000,
      1000,
      1000,
      1000,
      1000,
      1000,
      1000,
      1000,
      1000,
      1000,
      1000,
      1000,
      1000,
      1000,
      1000,
      1000,
      1000,
      1000,
      1000,
      1000,
      1000,
      1000,
      1000,
      1000,
      1000,
      34,
      1000,
      1000,
      1000,
      1000
    ],