{
  "episode_rewards": [
    -7035.949999999963,
    -6271.0599999999695,
    -6295.289999999967,
    -6727.279999999967,
    -7009.109999999968,
    -5749.809999999954,
    -7037.239999999959,
    -6054.309999999932,
    -5907.849999999959,
    -5872.599999999915,
    -8058.609999999941,
    -6719.359999999931,
    -7846.779999999958,
    -6573.409999999927,
    -6544.049999999933,
    -8066.739999999981,
    -8112.669999999975,
    -7606.159999999963,
    -8038.879999999994,
    -7825.049999999992,
    -8022.789999999979,
    -7933.049999999986,
    -7705.419999999985,
    -6916.159999999967,
    -7397.94999999999,
    -7243.8199999999815,
    -7087.509999999975,
    -7278.3999999999905,
    -4548.149999999909,
    -4307.099999999924,
    -4789.609999999911,
    -3711.549999999914,
    -3918.7599999999425,
    -2733.850000000025,
    -2707.779999999987,
    -2794.999999999986,
    -2513.0700000000143,
    -1773.8400000000308,
    -2255.540000000028,
    -906.32000000001,
    -984.5400000000162,
    -1653.430000000026,
    -440.74000000000206,
    -496.4500000000004,
    -237.22999999999863,
    -113.07999999999974,
    -146.74999999999926,
    -72.82999999999997,
    -11.920000000000066,
    -31.389999999999976
  ],
  "episode_lengths": [
    1000,
    1000,
    1000,
    1000,
    1000,
    1000,
    1000,
    1000,
    1000,
    1000,
    1000,
    1000,
    1000,
    1000,
    1000,
    1000,
    1000,
    1000,
    1000,
    1000,
    1000,
    1000,
    1000,
    1000,
    1000,
    1000,
    1000,
    1000,
    1000,
    1000,
    1000,
    1000,
    1000,
    1000,
    1000,
    1000,
    1000,
    1000,
    1000,
    1000,
    1000,
    1000,
    1000,
    1000,
    1000,
    1000,
    1000,
    1000,
    1000,
    1000
  ],
  "episode_health": [
    100.0,
    100.0,
    100.0,
    100.0,
    100.0,
    100.0,
    100.0,
    100.0,
    100.0,
    100.0,
    100.0,
    100.0,
    100.0,
    100.0,
    100.0,
    100.0,
    100.0,
    100.0,
    100.0,
    100.0,
    100.0,
    100.0,
    100.0,
    100.0,
    100.0,
    100.0,
    100.0,
    100.0,
    100.0,
    100.0,
    100.0,
    100.0,
    100.0,
    100.0,
    100.0,
    100.0,
    100.0,
    100.0,
    100.0,
    100.0,
    100.0,
    100.0,
    100.0,
    100.0,
    100.0,
    100.0,
    100.0,
    100.0,
    100.0,
    100.0
  ],
  "episode_hunger": [
    69.50599999999977,
    61.82959999999976,
    62.151099999999744,
    66.80659999999972,
    69.01559999999988,
    57.59629999999963,
    69.2684999999998,
    60.7389999999993,
    58.636599999999724,
    58.36569999999921,
    77.5297999999999,
    66.78949999999946,
    76.11419999999987,
    64.39959999999958,
    64.41329999999954,
    77.73739999999991,
    78.25679999999988,
    73.8121999999999,
    77.83189999999989,
    75.6825999999999,
    77.59009999999992,
    76.6744999999999,
    74.94209999999988,
    67.69359999999972,
    71.95389999999985,
    70.69109999999979,
    69.12539999999964,
    70.65409999999989,
    45.347999999999125,
    42.8471999999992,
    47.6606999999991,
    37.16499999999918,
    39.30799999999942,
    27.753000000000235,
    26.769699999999883,
    28.01639999999984,
    25.47100000000014,
    17.815900000000294,
    22.503000000000313,
    9.253000000000098,
    9.618100000000155,
    16.624100000000265,
    4.430600000000027,
    5.284000000000007,
    2.401699999999982,
    1.5108999999999975,
    1.8943999999999945,
    1.1454,
    0.7115,
    0.8869999999999998
  ],
  "episode_risk": [
    0.0,
    0.0,
    0.0,
    0.0,
    0.0,
    0.0,
    0.0,
    0.0,
    0.0,
    0.0,
    0.0,
    0.0,
    0.0,
    0.0,
    0.0,
    0.0,
    0.0,
    0.0,
    0.0,
    0.0,
    0.0,
    0.0,
    0.0,
    0.0,
    0.0,
    0.0,
    0.0,
    0.0,
    0.0,
    0.0,
    0.0,
    0.0,
    0.0,
    0.0,
    0.0,
    0.0,
    0.0,
    0.0,
    0.0,
    0.0,
    0.0,
    0.0,
    0.0,
    0.0,
    0.0,
    0.0,
    0.0,
    0.0,
    0.0,
    0.0
  ],
  "policy_losses": [
    -0.0032771128753665835,
    -0.0020849932334385812,
    -0.0023284931085072458,
    -0.0033866848243633285,
    -0.0026544361608102918,
    -0.0013712953077629209,
    -0.0003174927260261029,
    -0.001228289445862174,
    -0.00015477091073989868,
    -0.0012447439949028194,
    -0.0033629030222073197,
    -0.0037575382739305496,
    -0.0022617069771513343,
    -0.002869310323148966,
    -0.0038468759739771485,
    -0.005313087836839259
  ],
  "value_losses": [
    475200.421875,
    483605.1796875,
    415725.1875,
    594363.734375,
    477746.3671875,
    670954.125,
    673938.265625,
    586839.9375,
    561474.453125,
    209154.80859375,
    151382.765625,
    75485.05859375,
    42837.9833984375,
    18906.1630859375,
    1803.8879089355469,
    99.78207588195801
  ],
  "entropy_losses": [
    1.3271660506725311,
    1.3637079000473022,
    1.4161636233329773,
    1.2763238847255707,
    1.343819797039032,
    1.2798956334590912,
    1.3432552516460419,
    1.3385367691516876,
    1.3761813342571259,
    1.3943944871425629,
    1.4080284237861633,
    1.3758924305438995,
    1.361910730600357,
    1.3363457024097443,
    1.3217473924160004,
    1.2768888175487518
  ],
  "rolling_averages": {
    "reward": [
      -7035.949999999963,
      -6271.0599999999695,
      -6295.289999999967,
      -6727.279999999967,
      -7009.109999999968,
      -5749.809999999954,
      -7037.239999999959,
      -6054.309999999932,
      -5907.849999999959,
      -5872.599999999915,
      -8058.609999999941,
      -6719.359999999931,
      -7846.779999999958,
      -6573.409999999927,
      -6544.049999999933,
      -8066.739999999981,
      -8112.669999999975,
      -7606.159999999963,
      -8038.879999999994,
      -7825.049999999992,
      -8022.789999999979,
      -7933.049999999986,
      -7705.419999999985,
      -6916.159999999967,
      -7397.94999999999,
      -7243.8199999999815,
      -7087.509999999975,
      -7278.3999999999905,
      -4548.149999999909,
      -4307.099999999924,
      -4789.609999999911,
      -3711.549999999914,
      -3918.7599999999425,
      -2733.850000000025,
      -2707.779999999987,
      -2794.999999999986,
      -2513.0700000000143,
      -1773.8400000000308,
      -2255.540000000028,
      -906.32000000001,
      -984.5400000000162,
      -1653.430000000026,
      -440.74000000000206,
      -496.4500000000004,
      -237.22999999999863,
      -113.07999999999974,
      -146.74999999999926,
      -72.82999999999997,
      -11.920000000000066,
      -31.389999999999976
    ],
    "length": [
      1000,
      1000,
      1000,
      1000,
      1000,
      1000,
      1000,
      1000,
      1000,
      1000,
      1000,
      1000,
      1000,
      1000,
      1000,
      1000,
      1000,
      1000,
      1000,
      1000,
      1000,
      1000,
      1000,
      1000,
      1000,
      1000,
      1000,
      1000,
      1000,
      1000,
      1000,
      1000,
      1000,
      1000,
      1000,
      1000,
      1000,
      1000,
      1000,
      1000,
      1000,
      1000,
      1000,
      1000,
      1000,
      1000,
      1000,
      1000,
      1000,
      1000
    ],
    "health": [
      100.0,
      100.0,
      100.0,
      100.0,
      100.0,
      100.0,
      100.0,
      100.0,
      100.0,
      100.0,
      100.0,
      100.0,
      100.0,
      100.0,
      100.0,
      100.0,
      100.0,
      100.0,
      100.0,
      100.0,
      100.0,
      100.0,
      100.0,
      100.0,
      100.0,
      100.0,
      100.0,
      100.0,
      100.0,
      100.0,
      100.0,
      100.0,
      100.0,
      100.0,
      100.0,
      100.0,
      100.0,
      100.0,
      100.0,
      100.0,
      100.0,
      100.0,
      100.0,
      100.0,
      100.0,
      100.0,
      100.0,
      100.0,
      100.0,
      100.0
    ],