{
  "episode_rewards": [
    -7472.659999999961,
    -7009.509999999964,
    -6607.379999999968,
    -6172.089999999992,
    -6802.879999999921,
    -6641.34999999997,
    -5071.359999999916,
    -4098.119999999933,
    -4678.979999999917,
    -4472.959999999932,
    -5068.439999999911,
    -1853.3000000000254,
    -4023.3899999999494,
    -4062.169999999921,
    -3618.1699999999446,
    -2555.939999999983,
    -3253.769999999949,
    -2852.209999999976,
    -552.6500000000045,
    -564.240000000004,
    -778.7800000000085,
    -689.9200000000044,
    -642.740000000006,
    -347.2200000000015,
    -96.51999999999988,
    -115.49000000000045,
    -191.8800000000014,
    -32.63999999999999,
    -16.809999999999974,
    -12.929999999999996,
    9.100000000000028,
    -9.509999999999705,
    -12.25999999999947,
    42.04000000000068,
    -19.84999999999973,
    37.55000000000061,
    11.990000000000574,
    30.730000000000548,
    33.08000000000031,
    46.32000000000049,
    27.55000000000069,
    34.97000000000059,
    29.110000000001023,
    37.03000000000061,
    44.560000000000706,
    49.57000000000111,
    61.29000000000038,
    65.92000000000068,
    69.4500000000004,
    64.76000000000111
  ],
  "episode_lengths": [
    1000,
    1000,
    1000,
    1000,
    1000,
    1000,
    1000,
    1000,
    1000,
    1000,
    1000,
    1000,
    1000,
    1000,
    1000,
    1000,
    1000,
    1000,
    1000,
    1000,
    1000,
    1000,
    1000,
    1000,
    1000,
    1000,
    1000,
    1000,
    1000,
    1000,
    1000,
    1000,
    1000,
    1000,
    1000,
    1000,
    1000,
    1000,
    1000,
    1000,
    1000,
    1000,
    1000,
    1000,
    1000,
    1000,
    1000,
    1000,
    1000,
    1000
  ],
  "episode_health": [
    100.0,
    100.0,
    100.0,
    100.0,
    100.0,
    100.0,
    100.0,
    100.0,
    100.0,
    100.0,
    100.0,
    100.0,
    100.0,
    100.0,
    100.0,
    100.0,
    100.0,
    100.0,
    100.0,
    100.0,
    100.0,
    100.0,
    100.0,
    100.0,
    100.0,
    100.0,
    100.0,
    100.0,
    100.0,
    100.0,
    100.0,
    100.0,
    100.0,
    100.0,
    100.0,
    100.0,
    100.0,
    100.0,
    100.0,
    100.0,
    100.0,
    100.0,
    100.0,
    100.0,
    100.0,
    100.0,
    100.0,
    100.0,
    100.0,
    100.0
  ],
  "episode_hunger": [
    73.75339999999966,
    69.1759999999996,
    65.18989999999967,
    59.69089999999969,
    67.16499999999921,
    65.55219999999967,
    49.79389999999912,
    40.13529999999928,
    45.94399999999921,
    44.056999999999256,
    49.84699999999916,
    16.967200000000243,
    39.464999999999506,
    39.927999999999145,
    35.56599999999945,
    24.86199999999984,
    31.81669999999947,
    27.95399999999975,
    5.108600000000033,
    4.483900000000035,
    7.364300000000087,
    6.509500000000053,
    6.018400000000041,
    3.310600000000017,
    0.8637999999999997,
    1.1568999999999983,
    1.7762999999999973,
    0.5701999999999998,
    0.6197999999999999,
    0.5708,
    0.4545999999999999,
    0.5035999999999999,
    0.5120999999999999,
    0.4185999999999999,
    0.5045999999999999,
    0.40949999999999986,
    0.5014,
    0.4349999999999999,
    0.4246999999999999,
    0.3940999999999999,
    0.42789999999999995,
    0.41339999999999993,
    0.39769999999999994,
    0.42279999999999995,
    0.3968999999999999,
    0.3699999999999999,
    0.3978999999999999,
    0.38489999999999985,
    0.35999999999999993,
    0.3575999999999999
  ],
  "episode_risk": [
    0.0,
    0.0,
    0.0,
    0.0,
    0.0,
    0.0,
    0.0,
    0.0,
    0.0,
    0.0,
    0.0,
    0.0,
    0.0,
    0.0,
    0.0,
    0.0,
    0.0,
    0.0,
    0.0,
    0.0,
    0.0,
    0.0,
    0.0,
    0.0,
    0.0,
    0.0,
    0.0,
    0.0,
    0.0,
    0.0,
    0.0,
    0.0,
    0.0,
    0.0,
    0.0,
    0.0,
    0.0,
    0.0,
    0.0,
    0.0,
    0.0,
    0.0,
    0.0,
    0.0,
    0.0,
    0.0,
    0.0,
    0.0,
    0.0,
    0.0
  ],
  "policy_losses": [
    -0.0037602511001750827,
    -0.003667292825412005,
    -0.00234370946418494,
    -0.0008794984314590693,
    -0.0021018600673414767,
    -0.0006363717257045209,
    -0.002658794168382883,
    -0.004644492757506669,
    -0.003180304425768554,
    -0.006086478038923815,
    -0.0018137192819267511,
    -0.0015766299329698086,
    -0.0029032884049229324,
    -0.0008699874742887914,
    -0.0012072126846760511,
    -0.0017526023730169982
  ],
  "value_losses": [
    519655.140625,
    501526.8203125,
    201605.96875,
    152801.4453125,
    152142.07421875,
    91517.0234375,
    5054.1365966796875,
    3693.8411254882812,
    188.75220489501953,
    17.48837900161743,
    44.86375331878662,
    74.61205101013184,
    69.4099292755127,
    72.6146411895752,
    64.72112560272217,
    86.8184757232666
  ],
  "entropy_losses": [
    1.4724372029304504,
    1.4578345119953156,
    1.4069265723228455,
    1.3396081328392029,
    1.3469048738479614,
    1.413651466369629,
    1.4475274980068207,
    1.413137674331665,
    1.3321824073791504,
    1.1500693559646606,
    1.0571536123752594,
    0.9260429590940475,
    0.8233197927474976,
    0.8233294934034348,
    0.7053226083517075,
    0.6147847324609756
  ],
  "rolling_averages": {
    "reward": [
      -7472.659999999961,
      -7009.509999999964,
      -6607.379999999968,
      -6172.089999999992,
      -6802.879999999921,
      -6641.34999999997,
      -5071.359999999916,
      -4098.119999999933,
      -4678.979999999917,
      -4472.959999999932,
      -5068.439999999911,
      -1853.3000000000254,
      -4023.3899999999494,
      -4062.169999999921,
      -3618.1699999999446,
      -2555.939999999983,
      -3253.769999999949,
      -2852.209999999976,
      -552.6500000000045,
      -564.240000000004,
      -778.7800000000085,
      -689.9200000000044,
      -642.740000000006,
      -347.2200000000015,
      -96.51999999999988,
      -115.49000000000045,
      -191.8800000000014,
      -32.63999999999999,
      -16.809999999999974,
      -12.929999999999996,
      9.100000000000028,
      -9.509999999999705,
      -12.25999999999947,
      42.04000000000068,
      -19.84999999999973,
      37.55000000000061,
      11.990000000000574,
      30.730000000000548,
      33.08000000000031,
      46.32000000000049,
      27.55000000000069,
      34.97000000000059,
      29.110000000001023,
      37.03000000000061,
      44.560000000000706,
      49.57000000000111,
      61.29000000000038,
      65.92000000000068,
      69.4500000000004,
      64.76000000000111
    ],
    "length": [
      1000,
      1000,
      1000,
      1000,
      1000,
      1000,
      1000,
      1000,
      1000,
      1000,
      1000,
      1000,
      1000,
      1000,
      1000,
      1000,
      1000,
      1000,
      1000,
      1000,
      1000,
      1000,
      1000,
      1000,
      1000,
      1000,
      1000,
      1000,
      1000,
      1000,
      1000,
      1000,
      1000,
      1000,
      1000,
      1000,
      1000,
      1000,
      1000,
      1000,
      1000,
      1000,
      1000,
      1000,
      1000,
      1000,
      1000,
      1000,
      1000,
      1000
    ],
    "health": [
      100.0,
      100.0,
      100.0,
      100.0,
      100.0,
      100.0,
      100.0,
      100.0,
      100.0,
      100.0,
      100.0,
      100.0,
      100.0,
      100.0,
      100.0,
      100.0,
      100.0,
      100.0,
      100.0,
      100.0,
      100.0,
      100.0,
      100.0,
      100.0,
      100.0,
      100.0,
      100.0,
      100.0,
      100.0,
      100.0,
      100.0,
      100.0,
      100.0,
      100.0,
      100.0,
      100.0,
      100.0,
      100.0,
      100.0,
      100.0,
      100.0,
      100.0,
      100.0,
      100.0,
      100.0,
      100.0,
      100.0,
      100.0,
      100.0,
      100.0
    ],