{
  "episode_rewards": [
    -6261.2799999999415,
    -5164.189999999936,
    -6606.939999999907,
    -5160.36999999991,
    -4620.259999999917,
    -4877.409999999933,
    -5483.429999999972,
    -6530.019999999945,
    -5592.859999999907,
    -7065.799999999977,
    -7505.7599999999775,
    -6204.389999999969,
    -6471.379999999982,
    -7181.899999999969,
    -6607.329999999955,
    -6767.169999999959,
    -6572.539999999962,
    -7276.109999999994,
    -7360.129999999988,
    -6534.839999999945,
    -6713.509999999971,
    -7184.8599999999715,
    -6886.529999999968,
    -7077.269999999967,
    -6596.109999999943,
    -6508.3799999999055,
    -6345.929999999917,
    -6147.6699999999055,
    -6178.229999999908,
    -6541.439999999906,
    -5092.439999999917,
    -5715.969999999899,
    -5272.329999999908,
    -4636.119999999909,
    -4488.719999999908,
    -4708.049999999907,
    -4531.9999999999045,
    -4696.319999999899,
    -4539.109999999913,
    -4772.169999999905,
    -4886.509999999902,
    -4836.309999999919,
    -4737.699999999908,
    -4698.339999999902,
    -4969.789999999898,
    -4993.809999999899,
    -4817.479999999914,
    -5082.759999999903,
    -4687.889999999915,
    -4627.589999999906,
    -4333.539999999911,
    -4199.189999999918,
    -3900.539999999907,
    -3754.7899999999186,
    -3499.619999999948,
    -3455.829999999937,
    -3543.7199999999416,
    -2784.970000000013,
    -2840.84000000002,
    -2668.910000000032,
    -2388.130000000033,
    -2387.7900000000304,
    -2729.5900000000224,
    -1805.0000000000302,
    -1771.7600000000264,
    -1892.7200000000364,
    -1141.430000000019,
    -1381.9500000000253,
    -1157.0900000000224,
    -439.1199999999998,
    -401.50000000000057,
    -448.199999999999,
    -268.25999999999993,
    -237.61999999999978,
    -251.17999999999984,
    -153.0299999999992,
    -151.9799999999996,
    -133.81999999999988,
    -113.19999999999978,
    -84.69999999999989,
    -78.34999999999984,
    -40.64000000000001,
    -33.1300000000002,
    -27.920000000000247,
    3.349999999999618,
    -0.7100000000002409,
    11.06999999999977,
    0.6599999999997934,
    18.959999999999866,
    4.059999999999667,
    19.769999999999893,
    25.129999999999963,
    12.64999999999961,
    29.969999999999935,
    31.15000000000002,
    22.19999999999994,
    26.46999999999985,
    35.97000000000046,
    29.109999999999904,
    30.10999999999995
  ],
  "episode_lengths": [
    1000,
    1000,
    1000,
    1000,
    1000,
    1000,
    1000,
    1000,
    1000,
    1000,
    1000,
    1000,
    1000,
    1000,
    1000,
    1000,
    1000,
    1000,
    1000,
    1000,
    1000,
    1000,
    1000,
    1000,
    1000,
    1000,
    1000,
    1000,
    1000,
    1000,
    1000,
    1000,
    1000,
    1000,
    1000,
    1000,
    1000,
    1000,
    1000,
    1000,
    1000,
    1000,
    1000,
    1000,
    1000,
    1000,
    1000,
    1000,
    1000,
    1000,
    1000,
    1000,
    1000,
    1000,
    1000,
    1000,
    1000,
    1000,
    1000,
    1000,
    1000,
    1000,
    1000,
    1000,
    1000,
    1000,
    1000,
    1000,
    1000,
    1000,
    1000,
    1000,
    1000,
    1000,
    1000,
    1000,
    1000,
    1000,
    1000,
    1000,
    1000,
    1000,
    1000,
    1000,
    1000,
    1000,
    1000,
    1000,
    1000,
    1000,
    1000,
    1000,
    1000,
    1000,
    1000,
    1000,
    1000,
    1000,
    1000,
    1000
  ],
  "episode_health": [
    100.0,
    100.0,
    100.0,
    100.0,
    100.0,
    100.0,
    100.0,
    100.0,
    100.0,
    100.0,
    100.0,
    100.0,
    100.0,
    100.0,
    100.0,
    100.0,
    100.0,
    100.0,
    100.0,
    100.0,
    100.0,
    100.0,
    100.0,
    100.0,
    100.0,
    100.0,
    100.0,
    100.0,
    100.0,
    100.0,
    100.0,
    100.0,
    100.0,
    100.0,
    100.0,
    100.0,
    100.0,
    100.0,
    100.0,
    100.0,
    100.0,
    100.0,
    100.0,
    100.0,
    100.0,
    100.0,
    100.0,
    100.0,
    100.0,
    100.0,
    100.0,
    100.0,
    100.0,
    100.0,
    100.0,
    100.0,
    100.0,
    100.0,
    100.0,
    100.0,
    100.0,
    100.0,
    100.0,
    100.0,
    100.0,
    100.0,
    100.0,
    100.0,
    100.0,
    100.0,
    100.0,
    100.0,
    100.0,
    100.0,
    100.0,
    100.0,
    100.0,
    100.0,
    100.0,
    100.0,
    100.0,
    100.0,
    100.0,
    100.0,
    100.0,
    100.0,
    100.0,
    100.0,
    100.0,
    100.0,
    100.0,
    100.0,
    100.0,
    100.0,
    100.0,
    100.0,
    100.0,
    100.0,
    100.0,
    100.0
  ],
  "episode_hunger": [
    61.634899999999426,
    50.520299999999345,
    65.2582999999991,
    49.82799999999911,
    44.83199999999915,
    47.347999999999274,
    53.53039999999971,
    64.10409999999949,
    54.68729999999915,
    69.27729999999973,
    73.51939999999973,
    60.685399999999674,
    63.27539999999979,
    70.3822999999997,
    64.95769999999965,
    66.44789999999963,
    64.57519999999967,
    71.13779999999984,
    72.26369999999976,
    64.11779999999952,
    65.88249999999968,
    70.68199999999968,
    67.71549999999965,
    69.87119999999969,
    65.18139999999933,
    63.69719999999906,
    62.05689999999908,
    60.241999999999095,
    60.174999999999,
    63.466999999999054,
    49.320299999999165,
    55.47499999999904,
    50.933999999999095,
    44.45499999999907,
    43.139199999999136,
    45.38699999999904,
    43.107299999999036,
    44.838999999999025,
    43.14899999999913,
    45.334999999999035,
    46.559999999998965,
    46.051999999999154,
    45.056999999999086,
    44.682999999999026,
    47.38099999999902,
    47.62099999999904,
    45.86099999999919,
    48.48099999999904,
    44.63499999999917,
    44.07899999999901,
    41.05799999999907,
    39.76319999999911,
    36.72499999999907,
    35.20999999999919,
    32.72899999999942,
    32.209999999999305,
    33.05699999999943,
    25.643200000000142,
    26.144000000000247,
    24.427300000000322,
    21.6235000000003,
    21.587000000000323,
    25.059200000000274,
    15.699300000000308,
    15.357000000000298,
    16.60180000000031,
    9.072600000000158,
    11.488300000000251,
    9.170600000000224,
    2.203899999999995,
    1.8275999999999986,
    2.220199999999995,
    0.9646999999999998,
    0.7821,
    0.7956,
    0.5475999999999999,
    0.5668999999999998,
    0.49839999999999984,
    0.4691999999999999,
    0.4339999999999999,
    0.4372999999999999,
    0.38329999999999986,
    0.3825999999999999,
    0.37839999999999985,
    0.3495999999999999,
    0.35879999999999984,
    0.35189999999999994,
    0.3560999999999999,
    0.34769999999999995,
    0.35419999999999996,
    0.3338999999999999,
    0.33919999999999995,
    0.33879999999999993,
    0.3358999999999999,
    0.3284999999999999,
    0.3344999999999999,
    0.32669999999999993,
    0.3340999999999999,
    0.3280999999999999,
    0.3298999999999999
  ],
  "episode_risk": [
    0.0,
    0.0,
    0.0,
    0.0,
    0.0,
    0.0,
    0.0,
    0.0,
    0.0,
    0.0,
    0.0,
    0.0,
    0.0,
    0.0,
    0.0,
    0.0,
    0.0,
    0.0,
    0.0,
    0.0,
    0.0,
    0.0,
    0.0,
    0.0,
    0.0,
    0.0,
    0.0,
    0.0,
    0.0,
    0.0,
    0.0,
    0.0,
    0.0,
    0.0,
    0.0,
    0.0,
    0.0,
    0.0,
    0.0,
    0.0,
    0.0,
    0.0,
    0.0,
    0.0,
    0.0,
    0.0,
    0.0,
    0.0,
    0.0,
    0.0,
    0.0,
    0.0,
    0.0,
    0.0,
    0.0,
    0.0,
    0.0,
    0.0,
    0.0,
    0.0,
    0.0,
    0.0,
    0.0,
    0.0,
    0.0,
    0.0,
    0.0,
    0.0,
    0.0,
    0.0,
    0.0,
    0.0,
    0.0,
    0.0,
    0.0,
    0.0,
    0.0,
    0.0,
    0.0,
    0.0,
    0.0,
    0.0,
    0.0,
    0.0,
    0.0,
    0.0,
    0.0,
    0.0,
    0.0,
    0.0,
    0.0,
    0.0,
    0.0,
    0.0,
    0.0,
    0.0,
    0.0,
    0.0,
    0.0,
    0.0
  ],